Id,Type Examen,Examen,Slug
530,Dentaire,Panoramique dentaire,
531,Dentaire,orthopantomogramme,
532,Dentaire,Télécrane,
533,Dentaire,Panoramique dentaire + télécrâne,
534,Dentaire,Panoramique dentaire + telécrâne (+/- main age osseux),
535,Dentaire,Long cone,
536,Dentaire,Scanner dentaire en vue d'implants dentaires,
537,Dentaire,Dentascanner en vue d'implants dentaires,
538,Dentaire,Scanner dentaire pour des soins,
539,Dentaire,Dentascanner pour des soins,
540,Dentaire,Scanner dentaire,
541,Dentaire,Dentascanner ,
1349,Dentaire,Consultation Dentaire,
1497,Dentaire,Scanner pour implant maxillaire OU mandibulaire,
1498,Dentaire,Scanner pour implant maxillaire ET mandibulaire,
1606,Dentaire,Radiographie dentaire,
1695,Dentaire,Radiographie orthodontique,
1700,Dentaire,Téléradiographie profil,
1708,Dentaire,Radiographie des dents,
543,Cone beam,Cone beam pose d'implant,
544,Cone beam,Cone beam ATM ,
545,Cone beam,Cone beam articulations temporo mandibulaires,
546,Cone beam,Cone beam poignet,
547,Cone beam,Cone beam cheville,
1550,Cone beam,Cone beam sinus,
548,Échographie,Échographie transfontanellaire,
549,Échographie,Échographie sous-maxillaire,
550,Échographie,Échographie glandes salivaires,
551,Échographie,Échographie thyroïde,
552,Échographie,Échographie ponction thyroïde,
553,Échographie,Échographie cervicale,
554,Échographie,Échographie médullaire,
555,Échographie,Échographie fossettes sacro-coccygienens,
556,Échographie,Échographie parties molles,
557,Échographie,Échographie épaule,
558,Échographie,Échographie coude,
559,Échographie,Échographie avant-bras,
560,Échographie,Échographie poignet,
561,Échographie,Échographie main,
562,Échographie,Échographie doigt,
563,Échographie,Bilan rhumatologique membres supérieurs,
564,Échographie,Échographie creux inguinal,
565,Échographie,Échographie hanche,
566,Échographie,Échographie hanches enfant,
567,Échographie,Échographie hanches bébé,
568,Échographie,Échographie cuisse,
569,Échographie,Échographie genou,
570,Échographie,Échographie mollet,
571,Échographie,Échographie tendon d'Achille,
572,Échographie,Échographie cheville,
573,Échographie,Échographie pied,
574,Échographie,Bilan rhumatologique membres inférieurs,
575,Échographie,Échographie muscle ,
576,Échographie,Échographie nerfs,
577,Échographie,Échographie pédiatrique,
578,Échographie,Échographie articulaire,
579,Échographie,Échographie reins,
580,Échographie,Échographie vessie,
581,Échographie,Échographie voies urinaires,
582,Échographie,Échographie voies biliaires,
583,Échographie,Échographie abdominale,
584,Échographie,Échographie abdo-pelvienne,
585,Échographie,Échographie anus,
586,Échographie,Échographie testiculaire,
587,Échographie,Échographie prostate,
588,Échographie,Échographie penis,
589,Échographie,Échographie infertilité,
590,Échographie,Échographie monitorage de l'ovulation,
591,Échographie,Échographie obstétrique 12 semaines,
592,Échographie,Échographie grossesse 11 14 semaines,
593,Échographie,Échographie grossesse premier trimestre,
594,Échographie,Échographie obstétrique 22 semaines,
595,Échographie,Échographie grossesse 20 25 semaines ,
596,Échographie,Échographie grossesse deuxième trimestre,
597,Échographie,Échographie obstétrique 32 semaines,
598,Échographie,Échographie grossesse 30 35 semaines,
599,Échographie,Échographie grossesse troisième trimestre,
600,Échographie,Échographie gémellaire 1er trimestre,
601,Échographie,Échographie gémellaire 2e trimestre,
602,Échographie,Échographie gémellaire 3e trimestre,
603,Échographie,Échographie pelvienne endovaginale,
604,Échographie,Échographie pelvienne,
605,Échographie,Hysterosonographie,
606,Échographie,Échographie post IVG,
607,Échographie,Échographie col de l'utérus,
608,Échographie,Échographie datation,
609,Échographie,Échographie contrôle stérilet,
610,Échographie,Ponction mammaire,
611,Échographie,Échographie biopsie,
612,Échographie,Échographie sein,
613,Échographie,Échographie mammaire ,
614,Échographie,Échographie ganglion,
615,Échographie,Échographie contraste,
616,Échographie,Infiltration sous échographie,
617,Échographie,Échographie prélévement,
618,Échographie,Échographie PRP ,
619,Échographie,Échographie Plasma riche en plaquettes,
620,Échographie,Échographie peau,
621,Échographie,Échographie tuméfaction,
622,Échographie,Élastographie impulsionnelle,
623,Échographie,Fibroscan,
624,Échographie,Élastométrie,
625,Échographie,Mammographie bilatérale,
626,Échographie,Mammographie de dépistage,
627,Échographie,Mammographie unilatérale,
1317,Échographie,Échographie Scrotum,
1320,Échographie,Échographie lipome,
1321,Échographie,Échographie kyste,
1322,Échographie,Échographie stérilet,
1323,Échographie,Échographie grossesse,
1324,Échographie,Échographie contrôle de croissance,
1325,Échographie,Échographie ongles,
1326,Échographie,Échographie tissus mous,
1327,Échographie,Échographie ponction,
1328,Échographie,Échographie utérus,
1329,Échographie,Échographie foie,
1330,Échographie,Échographie rectum,
1331,Échographie,Échographie tendon,
1332,Échographie,Échographie inguinale,
1333,Échographie,Échographie lombaire,
1334,Échographie,Échographie ovulation,
1335,Échographie,Échographie parotidienne,
1376,Échographie,Échographie axillaire,
1379,Échographie,Échographie biceps,
1380,Échographie,Échographie jambe,
1381,Échographie,Échographie dessous de bras,
1382,Échographie,Échographie aisselle,
1393,Échographie,Échographie paroi abdominale,
1394,Échographie,Échographie testiculaire enfant,
1404,Échographie,Échographie membre inférieur,
1424,Échographie,Échographie de la joue,
1425,Échographie,Échographie du bras,
1426,Échographie,Échographie parathyroïde,
1429,Échographie,Échographie frontale,
1430,Échographie,Échographie Claviculaire,
1431,Échographie,Échographie du menton,
1432,Échographie,Échographie du triceps,
1433,Échographie,Échographie thoracique,
1434,Échographie,Échographie du thorax,
1435,Échographie,Échographie pancréatique,
1436,Échographie,Échographie du pancréas,
1437,Échographie,Échographie réno vésicale,
1438,Échographie,Échographie du pouce,
1439,Échographie,Échographie intestin,
1440,Échographie,Échographie du crâne,
1441,Échographie,Échographie adducteurs,
1442,Échographie,Échographie hépatique,
1443,Échographie,Échographie vesico rénale,
1444,Échographie,Échographie gorge,
1445,Échographie,Échographie du cou,
1446,Échographie,Échographie des surrénales,
1447,Échographie,Échographie pariétale,
1448,Échographie,Échographie ostéo-articulaire,
1461,Échographie,Échographie musculaire,
1462,Échographie,Échographie des glandes parathyroïde,
1463,Échographie,Échographie crânienne,
1464,Échographie,Échographie du pénis,
1469,Échographie,Échographie voies urinaires homme,
1470,Échographie,Échographie voies urinaires femme,
1471,Échographie,Échographie rénale homme,
1472,Échographie,Échographie rénale femme,
1473,Échographie,Échographie abdomino-pelvienne homme,
1474,Échographie,Échographie mammaire homme,
1475,Échographie,Échographie abdomino-pelvienne femme,
1476,Échographie,Échographie mammaire femme,
1477,Échographie,Échographie pelvienne femme,
1478,Échographie,Échographie des ischio-jambiers,
1479,Échographie,Échographie ischio,
1499,Échographie,Échographie pelvienne endométriose,
1500,Échographie,Échographie abdomino-pelvienne endométriose,
1501,Échographie,Échographie talon,
1502,Échographie,Échographie dos,
1503,Échographie,Échographie nuque,
1516,Échographie,Échographie vésiculaire,
1517,Échographie,Échographie ovarienne,
1518,Échographie,Échographie visage,
1519,Échographie,Échographie tête,
1520,Échographie,Échographie abdomino-rénale femme,
1521,Échographie,Échographie abdomino-rénale homme,
1522,Échographie,Échographie du coup de pied,
1524,Échographie,Echographie du coeur,
1525,Échographie,Échographie du coccyx,
1526,Échographie,Échographie oreille,
1533,Échographie,Échographie région pubienne,
1534,Échographie,Échographie lèvre,
1535,Échographie,Échographie mandibulaire,
1583,Échographie,Échographie du tronc supra aortique,
1584,Échographie,Échographie ligamentaire,
1585,Échographie,Échographie de la Verge,
1608,Échographie,Échographie thyroïdienne avec cytoponction,
1609,Échographie,Ponction thyroïdienne,
1610,Échographie,Echographie fessier,
1611,Échographie,Echographie fesse,
1612,Échographie,Échographie oculaire,
1613,Échographie,Échographie oil,
1614,Échographie,Echographie yeux,
1615,Échographie,Échographie thyroïdienne,
1616,Échographie,Échographie périnéale,
1617,Échographie,Échographie vésicule biliaire,
1618,Échographie,Échographie rate,
1619,Échographie,Échographie tibia,
1620,Échographie,Échographie Tendinopathie,
1621,Échographie,Échographie thoraco-pelvienne,
1622,Échographie,Échographie costale,
1623,Échographie,Échographie ventre,
1624,Échographie,Échographie bassin,
1625,Échographie,Biopsie bassin,
1626,Échographie,Échographie clavicule,
1659,Échographie,Échographie hépatobiliaire,
1660,Échographie,Échographie région glutéale,
1661,Échographie,Echographie grill costal,
1662,Échographie,Échographie sus claviculaire,
1663,Échographie,Échographie cervicale et sus claviculaire,
1664,Échographie,Échographie système urinaire,
1665,Échographie,Échographie  appareil urinaire,
1666,Échographie,Echographie occipitale,
1667,Échographie,Échographie vésicale,
1668,Échographie,Echographie face,
1669,Échographie,Echographie ovaires,
1670,Échographie,Echographie sternum,
1671,Échographie,Echographie mammaire bilatérale,
1672,Échographie,Echographie cubitus,
1673,Échographie,Echographie scrotale,
1674,Échographie,Echographie rénale et abdominale,
1675,Échographie,Echographie vésicale,
1676,Échographie,Echographie trans thoracique,
1677,Échographie,Echographie abdominale et rénale,
1678,Échographie,Echographie muscles fessiers,
1679,Échographie,Échographie région fessière,
1680,Échographie,Échographie trapèze et Releveur Omoplate,
1710,Échographie,Échographie acromio claviculaire,
1711,Échographie,Échographie thoracique pariétale,
1712,Échographie,Échographie fosse iliaque,
1713,Échographie,Échographie cardiaque trans thoracique,
1714,Échographie,Échographie sacrum,
1715,Échographie,Échographie orteil,
1716,Échographie,Échographie mamelon,
1745,Échographie,Échographie  appareil urinaire femme,
1746,Échographie,Échographie  appareil urinaire homme,
1782,Échographie,Échographie pylore,
1783,Échographie,Échographie médiastinale,
1784,Échographie,Échographie fontanelles,
628,Doppler,Doppler membres supérieurs,
629,Doppler,Doppler greffon renal,
630,Doppler,Doppler testiculaire,Doppler-testiculaire
631,Doppler,Doppler TSA ,
632,Doppler,Doppler Troncs supro aortiques carotide,
633,Doppler,Doppler transcrânien,
1318,Doppler,Doppler prostatique,Doppler-prostatique
1319,Doppler,Bilan infertilité,bilan-infertilite
1395,Doppler,Doppler veineux Membre supérieur,
1396,Doppler,Doppler membres inférieurs,
1397,Doppler,Doppler artérioveineux fistule,
1398,Doppler,Doppler artériel membre supérieur,
1399,Doppler,Doppler artériel artères rénales,
1449,Doppler,Doppler du Thorax,
1450,Doppler,Doppler artériel des vaisseaux du cou,
1451,Doppler,Doppler veineux ou artériel des membres inférieurs,
1452,Doppler,Doppler artériel,
1453,Doppler,Doppler veineux,
1466,Doppler,Doppler du mollet,
1467,Doppler,Doppler VDMI,
1504,Doppler,Doppler veineux membre inférieur,
1505,Doppler,Doppler veineux membre inférieur,
1514,Doppler,Doppler aorte abdominale,
1515,Doppler,Doppler abdomino-pelvien,
1537,Doppler,Doppler jambe,
1538,Doppler,Doppler scrotal,
1539,Doppler,Doppler main,
1720,Doppler,Doppler rénal,
1721,Doppler,Doppler genou,
1722,Doppler,Doppler cervical,
1723,Doppler,Doppler pied,
1724,Doppler,Doppler thyroïdien,
1159,Radiographie,Radiographie crâne,
1160,Radiographie,Radiographie orbites,
1161,Radiographie,Radiographie articulation temporo-mandibulaire,
1162,Radiographie,Radiographie ATM,
1163,Radiographie,Radiographie parties molles,
1164,Radiographie,Radiographie OPN,
1165,Radiographie,Radiographie os propres du nez,
1166,Radiographie,Radiographie sinus,
1167,Radiographie,Radiographie rachis cervical,
1168,Radiographie,Radiographie rachis cervico-dorsal,
1169,Radiographie,Radiographie rachis cervico-dorso-lombaire,
1171,Radiographie,Radiographie rachis cervico-lombaire,
1172,Radiographie,Radiographie rachis dorsal,
1173,Radiographie,Radiographie rachis dorso-lombaire + bassin,
1174,Radiographie,Radiographie rachis dorso-lombaire,
1175,Radiographie,Radiographie rachis lombaire,
1176,Radiographie,Radiographie rachis lombaire + bassin,
1179,Radiographie,Radiographie bassin,
1180,Radiographie,Radiographie sacrum,
1181,Radiographie,Radiographie sacrum + coccyx,
1182,Radiographie,Radiographie coccyx,
1183,Radiographie,Radiographie bassin + 2 hanches,
1184,Radiographie,Radiographie bassin + hanche,
1186,Radiographie,Radiographie hanche,
1187,Radiographie,Radiographie cuisse,
1188,Radiographie,Radiographie genou,
1190,Radiographie,Radiographie genoux en charge,
1191,Radiographie,Radiographie Jambe ,
1192,Radiographie,Radiographie tibia,
1194,Radiographie,Radiographie cheville,
1195,Radiographie,Radiographie cheville + pied,
1196,Radiographie,Radiographie cheville varus,
1197,Radiographie,Radiographie pied,
1199,Radiographie,Radiographie Pieds en charge,
1200,Radiographie,Podométrie,
1201,Radiographie,Radiographie calcaneum,
1202,Radiographie,Radiographie calcanéums,
1203,Radiographie,Radiographie sésamoïdes du gros orteil,
1204,Radiographie,Radiographie orteil,
1205,Radiographie,Radiographie clavicule,
1206,Radiographie,Radiographie articulation acromio-claviculaire,
1207,Radiographie,Radiographie épaule,
1209,Radiographie,Radiographie humérus,
1210,Radiographie,Radiographie coude,
1212,Radiographie,Radiographie avant-bras,
1214,Radiographie,Radiographie poignet,
1216,Radiographie,Radiographie main,
1218,Radiographie,Radiographie doigt,
1219,Radiographie,Radiographie poumons,
1220,Radiographie,Radiographie thorax,
1221,Radiographie,Radiographie poumons + gril costal ,
1222,Radiographie,Radiographie poumons + côtes,
1223,Radiographie,Radiographie thorax + gril costal ,
1224,Radiographie,Radiographie poumons  + sinus,
1225,Radiographie,Radiographie thorax + sinus,
1226,Radiographie,Radiographie poumons + gril costal + sternum,
1227,Radiographie,Radiographie poumons + côtes + sternum,
1228,Radiographie,Radiographie thorax + gril costal + sternum,
1229,Radiographie,Radiographie sternum,
1230,Radiographie,Radiographie côtes,
1231,Radiographie,Radiographie gril costal ,
1232,Radiographie,Radiographie ASP,
1233,Radiographie,Radiographie abdomen sans préparation,
1234,Radiographie,Radiographie ASP cadre urinaire,
1235,Radiographie,Radiographie abdomen sans préparation cadre urinaire,
1236,Radiographie,Radiographie télérachis,
1237,Radiographie,Fullspine,
1238,Radiographie,Radiographie colonne,
1239,Radiographie,Holorachis,
1248,Radiographie,Radiographie télé membres inférieurs debout ,
1249,Radiographie,Gonométrie ,
1250,Radiographie,Pangonogramme,
1251,Radiographie,Radiographie hémi-squelette,
1252,Radiographie,Radiographie bassin bébé,
1253,Radiographie,Radiographie âge osseux,
1258,Radiographie,Radiographie AO,
1259,Radiographie,Arthrographie poignet,
1260,Radiographie,Arthrographie cheville,
1261,Radiographie,Arthrographie coude,
1262,Radiographie,Arthrographie épaule,
1263,Radiographie,Arthrographie genou,
1264,Radiographie,Arthrographie hanche,
1265,Radiographie,Radiographie gonflage anneau,
1266,Radiographie,Sialographie,
1267,Radiographie,TOGD,
1268,Radiographie,Radiographie transit oesogastroduodénal ,
1269,Radiographie,Togd à la gastrographine,
1270,Radiographie,Radiographie transit du grêle,
1271,Radiographie,Radiographie transit osophagien,
1272,Radiographie,Radiographie transit pharyngé,
1273,Radiographie,Radiographie transit pharyngo osophagien,
1274,Radiographie,Trituration,
1275,Radiographie,UIV,
1276,Radiographie,Urographie intraveineuse,
1277,Radiographie,Hystérographie ,
1278,Radiographie,Hystérosalpingographie,
1279,Radiographie,Radiographie cholangiographie,
1281,Radiographie,Cystographie femme,
1282,Radiographie,Cystographie homme,
1283,Radiographie,Cystographie rétrograde,
1284,Radiographie,Défécographie,
1285,Radiographie,Infiltration lombaire intra-articulaire postérieure ,
1286,Radiographie,Infiltration lombaire ,
1287,Radiographie,Infiltration lombaire disque vertébral,
1288,Radiographie,Infiltration cheville,
1289,Radiographie,Infiltration coude,
1290,Radiographie,Infiltration doigt,
1291,Radiographie,Infiltration épaule,
1292,Radiographie,Infiltration genou,
1293,Radiographie,Infiltration hanche grand trochanter,
1294,Radiographie,Infiltration hanche moyen fessier,
1295,Radiographie,Infiltration hanche intra-articulaire,
1296,Radiographie,Infiltration pied,
1297,Radiographie,Infiltration poignet,
1298,Radiographie,Lavement aux hydrosolubles,
1299,Radiographie,Lavement aux hydrosolubles patient porteur de poche,
1300,Radiographie,Lavement baryté,
1301,Radiographie,Pharyngographie,
1302,Radiographie,Fistulographie,
1303,Radiographie,Saccoradiculographie,
1304,Radiographie,Radiculographie ,
1305,Radiographie,PRP sous Radiographie,
1306,Radiographie,Plasma riche en plaquettes sous radiographie,
1307,Radiographie,Radiographie articulations temporo-mandibulaires,
1336,Radiographie,Radiographie fémur,
1337,Radiographie,Infiltration hanche,
1338,Radiographie,Radiographie cavum,
1339,Radiographie,Radiographie cou,
1340,Radiographie,Radiographie valgus,
1341,Radiographie,Radiographie nez,
1342,Radiographie,Radiographie pulmonaire,
1343,Radiographie,Radiographie squelette,
1344,Radiographie,Radiographie gros orteil,
1345,Radiographie,Radiographie articulations,
1346,Radiographie,Radiographie Pneumo thoracique,
1360,Radiographie,Radiographie bras,
1378,Radiographie,Radiographie rachis,
1401,Radiographie,Scoliose,
1454,Radiographie,Radiographie du pouce,
1455,Radiographie,Radiographie des reins,
1465,Radiographie,Radiographie du menton,
1508,Radiographie,Radiographie membres inférieurs,
1509,Radiographie,Radiographie membres supérieurs,
1523,Radiographie,Radiographie Lombaire et bassin,
1532,Radiographie,Radiographie du visage,
1607,Radiographie,Radiographie dentaire,
1681,Radiographie,Radiographie talon,
1682,Radiographie,Radiographie utérus,
1683,Radiographie,Radiographie estomac,
1684,Radiographie,Radiographie de la machoire,
1685,Radiographie,Radiographie du mollet,
1687,Radiographie,Radiographie des dents,
1688,Radiographie,Radiographie pharynx,
1689,Radiographie,Radiographie omoplate,
1690,Radiographie,Radiographie végétations,
1691,Radiographie,Radiographie péroné,
1696,Radiographie,Radiographie trompes,
1698,Radiographie,Radiographie rachis complet,
1701,Radiographie,Radiographie vessie,
1703,Radiographie,Radiographie orthodontique,
1704,Radiographie,Radiographie corps entier,
1705,Radiographie,Radiographie dos,
1706,Radiographie,Radiographie seins,
1794,Radiographie,Radiographie sacro coccygienne,
1796,Radiographie,Radiographie costale,
1797,Radiographie,Transit gastro duodénal,
1798,Radiographie,Radiographie rachis en totalité,
1799,Radiographie,Radiographie en charge membres inférieurs,
1800,Radiographie,Goniométrie,
783,EOS,EOS corps entier,
784,EOS,EOS Colonne totale adulte,
785,EOS,EOS Rachis complet totale adulte,
786,EOS,EOS Colonne totale enfant,
787,EOS,EOS Rachis complet totale enfant,
788,EOS,EOS Membres inferieurs debout adulte,
789,EOS,EOS Membres inferieurs debout enfant,
1594,EOS,EOS goniométrie,
1595,EOS,EOS pangonométrie,
1692,EOS,EOS squelette,
1693,EOS,EOS genou,
1694,EOS,EOS rachis lombaire,
1697,EOS,EOS dos,
1699,EOS,EOS Paramètres pelvi rachidiens,
1792,EOS,EOS postural,
1793,EOS,EOS rachis entier,
1795,EOS,EOS thoracique et lombaire,
790,Ostéodensitométrie ,Ostéodensitométrie  densitométrie osseuse,
1368,Ostéodensitométrie ,Ostéodensitométrie,
1702,Ostéodensitométrie ,Densitométrie osseuse,
791,Mammographie,Mammographie unilaterale 1 sein,
792,Mammographie,Mammographie de depistage,
793,Mammographie,Mammographie bilatérale 2 seins,
794,Mammographie,Biopsie de sein ,
795,Mammographie,Macrobiopsie mammaire,
796,Mammographie,Galactographie,
1367,Mammographie,Mammographie,
1456,Mammographie,Mammographie et échographie mammaire,
1512,Mammographie,Biopsie mammaire,
1513,Mammographie,Biopsie stéréotaxique,
1707,Mammographie,Radiographie seins,
1717,Mammographie,Échographie mamelon,
1718,Mammographie,Dépistage du cancer du sein,
1719,Mammographie,Bilan sénologique,
801,IRM,IRM Hypophyse avec injection,
802,IRM,IRM Carotides avec injection,
803,IRM,IRM Cérébrale avec injection,
804,IRM,IRM Crâne avec injection,
805,IRM,IRM Cérébrale sans injection,
806,IRM,IRM Crâne sans injection,
807,IRM,IRM ATM sans injection,
808,IRM,IRM Articulations temporo mandibulaires sans injection,
809,IRM,IRM Parotide,
810,IRM,IRM Glandes salivaires,
811,IRM,IRM Orbites avec injection,
812,IRM,IRM ORL,
813,IRM,IRM Massif facial,
814,IRM,IRM CAI avec injection,
815,IRM,IRM Conduits auditifs internes avec injection,
816,IRM,IRM Os temporal avec injection,
817,IRM,IRM Rochers avec injection,
818,IRM,IRM Rochers cholesteatome,
819,IRM,IRM Rachis cervical sans injection,
820,IRM,IRM Rachis cervico dorsal,
821,IRM,IRM Rachis cervical lombaire dorsale avec injection,
825,IRM,IRM Rachis dorsal sans injection,
826,IRM,IRM Rachis dorso lombaire,
828,IRM,IRM Rachis lombaire sans injection,
829,IRM,IRM Rachis entier,
830,IRM,IRM Sacro iliaque sans injection,
833,IRM,IRM Bassin  avec injection,
834,IRM,IRM Bassin  sans injection,
835,IRM,IRM Hanche avec injection,
836,IRM,IRM Hanche sans injection,
837,IRM,IRM Cuisse avec injection,
839,IRM,IRM Genou sans injection,
840,IRM,IRM Genou avec injection,
844,IRM,IRM Jambe avec injection,
845,IRM,IRM Mollet avec injection,
847,IRM,IRM Cheville  sans injection,
848,IRM,IRM Cheville  avec injection,
851,IRM,IRM Pied avec injection,
853,IRM,IRM Pied sans injection,
855,IRM,IRM Des parties molles du membre inferieur sans injection,
856,IRM,IRM Des parties molles du membre inferieur avec injection,
857,IRM,IRM Membre inferieur avec injection,
858,IRM,IRM Membre inferieur sans injection,
859,IRM,Arthro IRM hanche  avec injection,
861,IRM,Arthro IRM cheville avec injection,
862,IRM,Arthro IRM pied  avec injection,
863,IRM,IRM Plexus brachial,
864,IRM,IRM Articulation acromio claviculaire sternum,
865,IRM,IRM Epaule avec injection,
867,IRM,IRM Épaule  sans injection,
869,IRM,IRM Bras humerus  avec injection,
871,IRM,IRM Bras humerus sans injection,
873,IRM,IRM Coude droit sans injection,
874,IRM,IRM Coude gauche sans injection,
875,IRM,IRM Avant-bras avec injection,
877,IRM,IRM Avant-bras  sans injection,
879,IRM,IRM Poignet avec injection,
881,IRM,IRM Poignet  sans injection,
883,IRM,IRM Main  avec injection,
885,IRM,IRM Main  sans injection,
887,IRM,IRM Des parties molles du membre superieur sans injection,
888,IRM,IRM Des parties molles du membre superieur avec injection,
889,IRM,IRM Membre supérieur avec injection,
890,IRM,IRM Membre supérieur sans injection,
891,IRM,Arthro IRM épaule avec injection,
893,IRM,Arthro IRM coude avec injection,
894,IRM,Arthro IRM poignet avec injection,
895,IRM,Arthro IRM main   avec injection,
896,IRM,IRM Squelette sans injection,
897,IRM,Angio-IRM des troncs supra-aortiques ,
898,IRM,Angio-IRM TSA ,
899,IRM,Angio-IRM Aorte membres supérieur,
900,IRM,Angio-IRM thoracique,
901,IRM,IRM Coeur morphologique avec injection,
902,IRM,IRM Coeur sous épreuve de stress avec injection,
903,IRM,IRM Pancréas avec injection,
904,IRM,IRM Foie hemochromatose sans injection,
905,IRM,IRM Foie avec injection,
907,IRM,Entero-IRM avec injection,
908,IRM,Bili IRM sans injection,
909,IRM,IRM Vésicule sans injection,
910,IRM,Bili  IRM a jeun,
911,IRM,IRM Vésicule,
912,IRM,IRM Rein surrenales avec injection,
913,IRM,IRM Pelvis féminin endométrioses sans injection,
914,IRM,IRM Statique pelvienne étude dynamique sans injection,
915,IRM,IRM Pelvis féminin avec injection,
916,IRM,IRM Pelvis masculin avec injection,
917,IRM,IRM Rectum avec injection,
918,IRM,IRM Entero avec injection,
919,IRM,IRM Intestin avec injection,
920,IRM,IRM Prostate avec injection,
921,IRM,IRM Mammaire avec injection,
922,IRM,IRM Sein avec injection,
923,IRM,IRM Testicules avec injection,
924,IRM,IRM Verge  avec injection,
925,IRM,IRM Pénis avec injection,
926,IRM,Arthrographie IRM,
927,IRM,IRM du sein,
928,IRM,IRM Mammaire ,
1351,IRM,IRM GENOU,
1369,IRM,IRM Bras,
1370,IRM,IRM Pied,
1371,IRM,IRM Jambe,
1403,IRM,IRMpelvien,
1527,IRM,IRM fesse,
1528,IRM,IRM de la moelle médullaire,
1529,IRM,IRM abdominale,
1530,IRM,IRM Mollet sans injection,
1531,IRM,IRM Mollet,
1546,IRM,IRM thyroïde,
1547,IRM,Irm glande parotide avec injection,
1548,IRM,Irm glande parotide sans injection,
1549,IRM,Irm glande parotide,
1551,IRM,IRM avant bras,
1552,IRM,IRM Bassin,
1553,IRM,IRM cérébrale,
1554,IRM,IRM cheville,
1555,IRM,IRM coude,
1556,IRM,IRM crâne,
1557,IRM,IRM cuisse,
1558,IRM,IRM épaule,
1559,IRM,IRM foie,
1560,IRM,IRM intestin,
1561,IRM,IRM main,
1562,IRM,IRM pelvis,
1563,IRM,IRM poignet,
1564,IRM,IRM prostate,
1565,IRM,IRM rectum,
1566,IRM,IRM sein,
1567,IRM,IRM verge,
1568,IRM,IRM tibia,
1569,IRM,IRM sacrum,
1570,IRM,IRM tendon d'Achille,
1571,IRM,IRM sacro iliaques,
1572,IRM,IRM rachis cervical,
1573,IRM,IRM rachis dorsal,
1574,IRM,IRM rachis lombaire,
1575,IRM,IRM hanche,
1576,IRM,IRM fémur,
1577,IRM,IRM doigt,
1578,IRM,IRM bras,
1579,IRM,IRM humérus,
1580,IRM,IRM pancréas,
1581,IRM,IRM canal anal,
1582,IRM,déféco-IRM,
1597,IRM,IRM pancréatique,
1630,IRM,IRM Cervicale,
1632,IRM,IRM jambe,
1633,IRM,IRM oreille,
1634,IRM,IRM facial,
1635,IRM,IRM Encéphale,
1636,IRM,IRM Rénal,
1637,IRM,IRM cervico dorsal,
1638,IRM,IRM Médullaire,
1639,IRM,IRM rachis dorsolombaire,
1640,IRM,IRM Dorso lombaire,
1641,IRM,IRM rachis cervico Dorso Lombaire,
1642,IRM,IRM lombaire et sacro iliaque,
1643,IRM,IRM dos,
1644,IRM,IRM Abdo pelvien,
1645,IRM,IRM bassin hanche,
1646,IRM,IRM myocardique,
1647,IRM,IRM inguinal,
1648,IRM,IRM tendon d'Achille,
1649,IRM,IRM rachis lombaire et  bassin,
1650,IRM,IRM tête,
1651,IRM,IRM Thoracique,
1652,IRM,IRM cochléaire,
1653,IRM,IRM cérébral et cervicale,
1654,IRM,IRM abdomino pelvienne,
1655,IRM,IRM dorsaux lombaire,
1656,IRM,IRM rate,
1657,IRM,IRM cuisse,
1658,IRM,IRM encéphalique,
1725,IRM,IRM hépatique,
1726,IRM,IRM cervico faciale,
1727,IRM,IRM rachis thoraco lombaire,
1741,IRM,IRM coeur avec injection,
1742,IRM,IRM coeur sans injection,
1743,IRM,IRM cardiaque sans injection,
1744,IRM,IRM cardiaque avec injection,
1771,IRM,IRM deux mains,
1772,IRM,IRM deux pieds,
1773,IRM,IRM deux coudes,
1774,IRM,IRM deux chevilles,
1776,IRM,IRM deux genoux,
1777,IRM,IRM deux poignets,
1778,IRM,IRM deux épaules,
1779,IRM,IRM foie surcharge ferrique,
1780,IRM,IRM foie chirurgie bariatrique,
1781,IRM,IRM genou diffusion,
929,Scanner,Scanner cérébral sans injection,
930,Scanner,Scanner crâne sans injection,
931,Scanner,Angioscanner cérébral,
932,Scanner,Scanner cérébrale avec injection,
933,Scanner,Scanner crâne avec injection,
934,Scanner,Scanner cervico-encéphalique avec injection,
935,Scanner,Scanner cervico-thoracique avec injection,
936,Scanner,Scanner cérébral et thoracique avec injection,
937,Scanner,Scanner crâne + Thorax avec injection,
938,Scanner,Scanner oreille moyenne sans injection,
939,Scanner,Scanner rochers sans injection,
940,Scanner,Scanner CAI sans injection,
941,Scanner,Scanner orbites,
942,Scanner,Scanner massif facial,
943,Scanner,Scanner articulation temporo-mandibulaire atm,
944,Scanner,Scanner massif facial avec injection,
945,Scanner,Scanner ORL sans injection,
948,Scanner,Dacryoscanner (voies lacrymales),
949,Scanner,Scanner sinus sans injection,
950,Scanner,Scanner cou - tissu mou sans injection,
951,Scanner,Scanner cervico-thoracique sans injection,
952,Scanner,Scanner thorax et sinus avec injection,
953,Scanner,Scanner poumons et sinus avec injection,
954,Scanner,Scanner thorax et sinus sans injection,
955,Scanner,Scanner poumons et sinus sans injection,
956,Scanner,Scanner thorax avec injection,
957,Scanner,Scanner poumons avec injection,
958,Scanner,Angioscanner thoracique ,
959,Scanner,Scanner thorax sans injection,
960,Scanner,Scanner poumons sans injection,
961,Scanner,Angioscanner thoraco-abdominal,
962,Scanner,Angioscanner aorte abdominale avec injection,
963,Scanner,Angioscanner aorte thoracique avec injection,
964,Scanner,Angioscanner des troncs supra-aortiques,
965,Scanner,Angioscanner des Tsa,
966,Scanner,Scanner TAP avec injection,
967,Scanner,Scanner thoraco-abdomino-pelvien avec injection,
968,Scanner,Scanner TAP sans injection,
969,Scanner,Scanner thoraco-abdomino-pelvien sans injection,
970,Scanner,Biopsie thoracique sous scanner,
971,Scanner,Scanner sternum sans injection,
972,Scanner,Scanner clavicule,
973,Scanner,Scanner côtes ,
974,Scanner,Scanner TAVI (cardiaque avec valve),
975,Scanner,Scanner transcatheter aortic valve implantation (cardiaque avec valve),
976,Scanner,Coroscanner ,
977,Scanner,Scanner coronaires,
978,Scanner,Scanner cour,
979,Scanner,Scanner cardiaque,
980,Scanner,Scanner coeur sans injection,
981,Scanner,Scanner rachis cervical sans injection,
982,Scanner,Scanner rachis cervico-dorsal avec injection,
983,Scanner,Scanner rachis cervico-dorsal sans injection,
984,Scanner,Scanner rachis dorsal avec injection,
985,Scanner,Scanner rachis dorsal sans injection,
986,Scanner,Scanner rachis dorso-lombaire sans injection,
987,Scanner,Scanner rachis lombaire avec injection,
988,Scanner,Scanner rachis lombaire sans injection,
989,Scanner,Scanner infiltration cervicale,
990,Scanner,Scanner infiltration lombaire,
991,Scanner,Infiltration sous scanner vertébrale épidurale,
992,Scanner,PRP sous scanner rachis,
993,Scanner,Plasma riche en plaquettes sous scanner rachis,
994,Scanner,Scanner sacrum avec injection,
995,Scanner,Scanner sacrum sans injection,
996,Scanner,Scanner coccyx sans injection,
997,Scanner,Scanner bassin sans injection,
998,Scanner,Arthroscanner hanche,
999,Scanner,Scanner hanche sans injection,
1000,Scanner,Scanner fémur sans injection,
1001,Scanner,Scanner cuisse sans injection,
1002,Scanner,Arthroscanner genou,
1003,Scanner,Scanner genou sans injection,
1004,Scanner,Scanner jambe sans injection,
1005,Scanner,Arthroscanner cheville,
1006,Scanner,Scanner cheville sans injection,
1007,Scanner,Arthroscanner pied,
1008,Scanner,Scanner pied sans injection,
1009,Scanner,Angioscanner membres inférieurs,
1010,Scanner,Arthroscanner épaule,
1011,Scanner,Scanner épaule sans injection,
1012,Scanner,Scanner bras sans injection,
1013,Scanner,Arthroscanner coude,
1014,Scanner,Scanner coude sans injection,
1015,Scanner,Scanner avant bras sans injection,
1016,Scanner,Arthroscanner poignet,
1017,Scanner,Scanner poignet sans injection,
1018,Scanner,Scanner main sans injection,
1019,Scanner,Angioscanner membres superieur,
1020,Scanner,Infiltration sous scanner articulaire ,
1021,Scanner,Infiltration sous scanner musculaire,
1022,Scanner,Infiltration sous scanner,
1023,Scanner,Ponction osseuse sous scanner,
1024,Scanner,PRP plasma riche en plaquettes sous scanner intra articulaire,
1025,Scanner,Plasma riche en plaquettes sous scanner intra articulaire,
1026,Scanner,PRP plasma riche en plaquettes sous scanner intra tendineux,
1027,Scanner,Plasma riche en plaquettes sous scanner intra tendineux,
1028,Scanner,PRP plasma riche en plaquettes sous scanner,
1029,Scanner,Plasma riche en plaquettes sous scanner ,
1030,Scanner,Cimentoplastie sous scanner,
1031,Scanner,Scanner abdomino-pelvien avec injection,
1032,Scanner,Scanner abdomino-pelvien sans injection,
1033,Scanner,Scanner pancréas avec injection,
1034,Scanner,Scanner pancréas sans injection,
1035,Scanner,Coloscanner avec injection (à l'eau),
1036,Scanner,Scanner colon avec injection (à l'eau),
1037,Scanner,Coloscopie virtuelle avec injection (à l'eau),
1038,Scanner,Coloscanner sans injection (à l'air),
1039,Scanner,Scanner colon sans injection (à l'air),
1040,Scanner,Coloscopie virtuelle sans injection (à l'air),
1041,Scanner,Entéro-scanner,
1042,Scanner,Scanner Intestin grêle,
1043,Scanner,Scanner abdominal sans injection,
1044,Scanner,Scanner abdominal avec injection,
1045,Scanner,Scanner pelvis sans injection,
1046,Scanner,Scanner pelvis avec injection,
1047,Scanner,Uroscanner avec injection,
1048,Scanner,Uroscanner sans injection,
1049,Scanner,Scanner pelvimétrie (grossesse) sans injection,
1051,Scanner,Scanner dentaire en vue d'implants dentaires,
1052,Scanner,Dentascanner en vue d'implants dentaires,
1053,Scanner,Scanner dentaire pour des soins,
1054,Scanner,Dentascanner pour des soins,
1055,Scanner,Scanner dentaire,
1056,Scanner,Dentascanner ,
1372,Scanner,Scanner Pied,
1373,Scanner,Scanner Jambe,
1374,Scanner,Scanner abdominal,
1375,Scanner,Scanner cheville,
1400,Scanner,Scanner thoracique,
1495,Scanner,Arthroscanner main,
1506,Scanner,Scanner poitrine,
1507,Scanner,Scanner score calcique,
1510,Scanner,Scanner rénal sans injection,
1511,Scanner,Scanner rénal avec injection,
1540,Scanner,Scanner rein,
1541,Scanner,Scanner prostate,
1542,Scanner,Scanner pneumothorax,
1543,Scanner,Scanner thoraco-abdominal,
1544,Scanner,Angioscanner abdomino pelvien,
1545,Scanner,Scanner surrenalien,
1586,Scanner,Scanner foie,
1587,Scanner,Scanner osseux,
1588,Scanner,Scanner rachis lombaire,
1589,Scanner,Scanner rachis lombaire et bassin,
1596,Scanner,Scanner sinus,
1728,Scanner,Scanner rachis cervico lombaire,
1729,Scanner,Angioscanner abdominal,
1730,Scanner,Angioscanner artères rénales,
1731,Scanner,Scanner machoire,
1732,Scanner,Scanner hypophyse,
1733,Scanner,Scanner hypophysaire,
1734,Scanner,Scanner aorte thoracique,
1735,Scanner,Scanner rhino sinusien,
1736,Scanner,Scanner lombaire,
1737,Scanner,Scanner thoraco pelvien,
1738,Scanner,Scanner panoramique dents,
1739,Scanner,Scanner dents,
1801,Scanner,Scanner orteils,
1802,Scanner,Scanner omoplate,
1803,Scanner,Scanner de l'abdomen,
1347,Médecine du sport,Consultation,Consultation_Medecine_Générale
1350,Ophtalmologie,Consultation Ophtalmologie,
1348,Cardiologie,Consultation Cardiologie,Consultation_Cardiologie
1361,Cardiologie,Consultation de suivi,
1362,Cardiologie,Echographie d'effort,
1363,Cardiologie,Echocardiographie,
1364,Cardiologie,Echographie de stress,
1365,Cardiologie,Test d'effort,
1366,Cardiologie,Première consultation,
1383,Infiltration,Infiltration sous échographie,
1384,Infiltration,Infiltration poignet,
1385,Infiltration,Infiltration coude,
1386,Infiltration,Infiltration épaule,
1387,Infiltration,Infiltration pied,
1388,Infiltration,Infiltration hanche,
1389,Infiltration,Infiltration genou,
1390,Infiltration,Infiltration doigt,
1391,Infiltration,Infiltration cheville,
1392,Infiltration,Infiltration acide hyaluronique,
1402,Infiltration,Rachis cervical,
1427,Infiltration,Infiltration sous radiographie,
1536,Infiltration,Infiltration épidurale,
1590,Infiltration,Infiltration dos,
1591,Infiltration,Infiltration colonne vertébrale,
1592,Infiltration,Infiltration cervicales,
1593,Infiltration,Infiltration rachis lombaire,
1785,Infiltration,Infiltration sacro iliaque,
1786,Infiltration,Infiltration L4 L5,
1788,Infiltration,Infiltration acromiale,
1789,Infiltration,Infiltration foraminale,
1790,Infiltration,Infiltration canal sacré,
1791,Infiltration,Infiltration rachis cervical,
1405,Radiographie + Échographie,Radiographie + Échographie Cheville,
1406,Radiographie + Échographie,Radiographie + Échographie Coude,
1407,Radiographie + Échographie,Radiographie + Échographie Epaule,
1408,Radiographie + Échographie,Radiographie + Échographie Genou,
1409,Radiographie + Échographie,Radiographie + Échographie Hanche,
1410,Radiographie + Échographie,Radiographie + Échographie Main,
1411,Radiographie + Échographie,Radiographie + Échographie Pied,
1412,Radiographie + Échographie,Radiographie + Échographie Poignet,
1413,Radiographie + Échographie,radiographie + Échographie gril costal,
1414,Radiographie + Échographie,radiographie + Échographie sternum,
1415,Radiographie + Échographie,radiographie ASP + Échographie voies urinaires,
1416,Radiographie + Échographie,radiographie ASP + Échographie abdomino pelvienne,
1417,Radiographie + Échographie,radiographie abdomen sans préparation + Échographie abdominale,
1418,Radiographie + Échographie,radiographie pulmonaire + Échographie abdominale,
1419,Radiographie + Échographie,radiographie TOGD + Échographie abdominale,
1420,Radiographie + Échographie,radiographie du thorax + Échographie abdomino pelvienne,
1421,Radiographie + Échographie,radiographie du thorax + Échographie de greffon,
1422,Radiographie + Échographie,radiographie + Échographie jambe,
1423,Radiographie + Échographie,radiographie + Échographie hanches bébé,
1428,Radiographie + Échographie,Radiographie + Échographie Talon,
1709,Radiographie + Échographie,Radiographie + Échographie bras,
1804,Radiographie + Échographie,Radiographie + Échographie doigt,
1805,Radiographie + Échographie,Radiographie + Échographie sacrum,
1457,Mammographie + Échographie,Mammographie + Échographie mammaire,
1458,Mammographie + Échographie,Mammographie + Échographie pelvienne,
1459,Mammographie + Échographie,Mammographie + Échographie  abdomino pelvienne,
1460,Mammographie + Échographie,Mammographie + Échographie  abdominale,
1468,Mammographie + Échographie,Mammographie + Échographie axillaire,
1482,rééducation et physiothérapie sportive,Alter G Bilan,
1483,rééducation et physiothérapie sportive,Alter G rééducation,
1484,rééducation et physiothérapie sportive,Isocinétisme,
1485,rééducation et physiothérapie sportive,Huber,
1486,rééducation et physiothérapie sportive,Ondes de choc,
1487,rééducation et physiothérapie sportive,Laser,
1488,rééducation et physiothérapie sportive,Oxygénothérapie,
1489,rééducation et physiothérapie sportive,Cryothérapie,
1740,rééducation et physiothérapie sportive,Kiné,
1490,Neurologie,Electromyogramme membres inférieurs,
1496,Neurologie,Electromyogramme membres supérieurs,
1491,Orthésie,Bilan podologique,
1492,Orthésie,Bilan postural,
1493,Orthoptie,Première séance,
1629,Orthoptie,Séance de suivi,
1494,Osthéopathie,Séance osthéopathie,
1599,Médecine générale,Consultation de suivi,
1600,Médecine générale,Première consultation,
1601,Médecine générale,Mesure ambulatoire de la pression artérielle,
1602,Médecine générale,MAPA,
1603,Médecine générale,Spirométrie,
1604,Médecine générale,ECG,
1605,Médecine générale,Electrocardiogramme,
1627,Tractions,Tractions cervicales,
1628,Tractions,Tractions lombaires,
1747,Arthro + Scanner,Arthroscanner cheville avec infiltration,
1748,Arthro + Scanner,Arthroscanner cheville sans infiltration,
1749,Arthro + Scanner,Arthroscanner coude avec infiltration,
1750,Arthro + Scanner,Arthroscanner coude sans infiltration,
1751,Arthro + Scanner,Arthroscanner épaule avec infiltration,
1752,Arthro + Scanner,Arthroscanner épaule sans infiltration,
1753,Arthro + Scanner,Arthroscanner genou avec infiltration,
1754,Arthro + Scanner,Arthroscanner genou sans infiltration,
1755,Arthro + Scanner,Arthroscanner hanche avec infiltration,
1756,Arthro + Scanner,Arthroscanner hanche sans infiltration,
1757,Arthro + Scanner,Arthroscanner poignet avec infiltration,
1758,Arthro + Scanner,Arthroscanner poignet sans infiltration,
1759,Arthro + IRM,Arthro IRM cheville avec infiltration,
1760,Arthro + IRM,Arthro IRM cheville sans infiltration,
1761,Arthro + IRM,Arthro IRM coude avec infiltration,
1762,Arthro + IRM,Arthro IRM coude sans infiltration,
1763,Arthro + IRM,Arthro IRM genou avec infiltration,
1764,Arthro + IRM,Arthro IRM genou sans infiltration,
1765,Arthro + IRM,Arthro IRM épaule avec infiltration,
1766,Arthro + IRM,Arthro IRM épaule sans infiltration,
1767,Arthro + IRM,Arthro IRM hanche avec infiltration,
1768,Arthro + IRM,Arthro IRM hanche sans infiltration,
1769,Arthro + IRM,Arthro IRM poignet avec infiltration,
1770,Arthro + IRM,Arthro IRM poignet sans infiltration,
